index	month	stargazers	observation_date	measurement	monthly_change
0	2020-02	73	2020-02-04	exact
1	2020-03	80	2020-03-01	interpolated	7.0
2	2020-04	87	2020-04-01	exact	7.0
3	2020-05	700	2020-05-01	interpolated	613.0
4	2020-06	1313	2020-06-01	exact	613.0
5	2020-07	1584	2020-07-01	interpolated	271.0
6	2020-08	1856	2020-08-03	exact	272.0
7	2020-09	2157	2020-09-01	exact	301.0
8	2020-10	2328	2020-10-01	exact	171.0
9	2020-11	2571	2020-11-02	exact	243.0
10	2020-12	3060	2020-12-01	exact	489.0
11	2021-01	4608	2021-01-02	exact	1548.0
12	2021-02	5306	2021-02-01	exact	698.0
13	2021-03	6203	2021-03-01	exact	897.0
14	2021-04	7098	2021-04-01	exact	895.0
15	2021-05	10816	2021-05-01	exact	3718.0
16	2021-06	13237	2021-06-01	exact	2421.0
17	2021-07	14206	2021-07-01	exact	969.0
18	2021-08	16196	2021-08-01	exact	1990.0
19	2021-09	17834	2021-09-01	exact	1638.0
20	2021-10	19576	2021-10-01	exact	1742.0
21	2021-11	21077	2021-11-01	exact	1501.0
22	2021-12	23349	2021-12-01	exact	2272.0
23	2022-01	25900	2022-01-01	exact	2551.0
24	2022-02	27428	2022-02-01	exact	1528.0
25	2022-03	29146	2022-03-01	exact	1718.0
26	2022-04	30510	2022-04-01	exact	1364.0
27	2022-05	31681	2022-05-01	exact	1171.0
28	2022-06	33965	2022-06-01	exact	2284.0
29	2022-07	34922	2022-07-01	exact	957.0
30	2022-08	36121	2022-08-01	exact	1199.0
31	2022-09	38254	2022-09-01	exact	2133.0
32	2022-10	39266	2022-10-01	exact	1012.0
33	2022-11	40387	2022-11-01	exact	1121.0
34	2022-12	41754	2022-12-01	exact	1367.0
35	2023-01	43399	2023-01-01	exact	1645.0
36	2023-02	44883	2023-02-01	exact	1484.0
37	2023-03	46291	2023-03-01	exact	1408.0
38	2023-04	47610	2023-04-01	exact	1319.0
39	2023-05	49399	2023-05-01	exact	1789.0
40	2023-06	51093	2023-06-01	exact	1694.0
41	2023-07	52577	2023-07-01	exact	1484.0
42	2023-08	54143	2023-08-01	exact	1566.0
43	2023-09	56084	2023-09-01	exact	1941.0
44	2023-10	57282	2023-10-01	exact	1198.0
45	2023-11	58593	2023-11-01	exact	1311.0
46	2023-12	60057	2023-12-01	exact	1464.0
47	2024-01	61081	2024-01-01	exact	1024.0
48	2024-02	62489	2024-02-01	exact	1408.0
49	2024-03	63517	2024-03-01	exact	1028.0
50	2024-04	64738	2024-04-01	exact	1221.0
51	2024-05	66176	2024-05-01	exact	1438.0
52	2024-06	67270	2024-06-01	exact	1094.0
53	2024-07	68189	2024-07-01	exact	919.0
54	2024-08	69961	2024-08-01	exact	1772.0
55	2024-09	71115	2024-09-02	exact	1154.0
56	2024-10	72208	2024-10-01	interpolated	1093.0
57	2024-11	73302	2024-11-03	exact	1094.0
58	2024-12	74440	2024-12-01	exact	1138.0
59	2025-01	75610	2025-01-01	exact	1170.0
60	2025-02	76773	2025-02-01	exact	1163.0
61	2025-03	78214	2025-03-01	exact	1441.0
62	2025-04	80150	2025-04-01	exact	1936.0
63	2025-05	81872	2025-05-01	exact	1722.0
64	2025-06	83785	2025-06-01	exact	1913.0
65	2025-07	85121	2025-07-01	exact	1336.0
66	2025-08	86447	2025-08-01	exact	1326.0
67	2025-09	87879	2025-09-01	exact	1432.0
68	2025-10	89389	2025-10-01	exact	1510.0
69	2025-11	91258	2025-11-01	estimated	1869.0
70	2025-12	94171	2025-12-01	estimated	2913.0
71	2026-01	96031	2026-01-01	estimated	1860.0
72	2026-02	97485	2026-02-01	estimated	1454.0
73	2026-03	98682	2026-03-01	estimated	1197.0
74	2026-04	99943	2026-04-01	estimated	1261.0
75	2026-05	101145	2026-05-01	estimated	1202.0
76	2026-06	102214	2026-06-01	estimated	1069.0
77	2026-07	103655	2026-07-01	estimated	1441.0
78	current	106816	2026-07-23	exact (API)	3161.0
